,PC1,PC2,PC3,PC4,PC5,PC6,PC7,PC8
0,0.3953995329190086,0.13943093611270824,0.4227007837032052,0.14333004842028663,0.24726317478947016,0.01644318039170059,0.008242708829522293,0.00011356455263403638
1,0.40023198973216306,0.14099143765052366,0.6574516443999682,0.6820782465591027,-0.5532584871045719,0.11025039573545803,0.017608382613288915,0.0012958484387197591
2,0.41418453021600593,0.14628321924933915,0.8858112462030213,-0.6769725742933389,-0.19448512813371113,0.0253544396407173,0.0053468022063461315,9.472292604851466e-05
3,0.8969527230096278,-0.5369733871595304,-0.07945272669978432,-0.010511144997733486,-0.008470797659049824,0.0037183395201692707,0.0008513817464397125,-1.6449165099617938e-05
4,-0.45728010297174915,-0.047726964067909286,-0.022163745247612946,-0.0033484206902697025,-0.00294267362378175,0.0009093525364136637,0.00019473370020857953,1.0345436789733643e-05
5,0.6188301543480333,0.8623962141588779,-0.1258704026540677,-0.016258941567818725,-0.011618333055566187,0.004266679420724678,0.0005914225335435764,0.02681109181819627
